<?xml version="1.0" encoding="UTF-8" standalone="yes"?>
<addon id="plugin.program.mpz.wizard" name="[COLOR gold][B]MPZ WIZARD[/B][/COLOR]" version="1.8" provider-name="Mpz">
  <requires>
    <import addon="xbmc.python" version="2.1.0"/>
  </requires>
  <extension point="xbmc.python.pluginsource" library="default.py">
    <provides>executable</provides>
  </extension>
  <extension point="xbmc.service" library="startup.py" start="startup" />
  <extension point="xbmc.addon.metadata">
    <summary lang="en">MPZ</summary>
    <description lang="en">Addon instalador del wizard MPZ para Kodi 18
Fuente: https://fuente-mpz.github.io/
Telegram: t.me/MPZ_WIZARD</description>
    <platform>all</platform>
  </extension>
</addon>
